Ложка мерная 1653612 P5,16.536.12 P5
Мерный стакан GL18 1665823 Р4,16.658.23 Р4
Мерный стакан PP28 1666000 P1 20 мл,16.660.00 P1
Шприц мерный 5 мл HDB шкала K092,Z-BT1839/Z-PT1840
Пенал пластиковый для губного бальзама,LB-02
Палочки фибровые белые D03*H15см набор 3 шт GH (Selina),GH_stick_wh_15
Палочки фибровые белые D03*H20см для диффузора 1шт,stick_wh20
Палочки фибровые белые D03*H20см набор 3 шт GH (Selina),GH_stick_wh_20
Палочки фибровые черные D03*H15см набор 3 шт GH (Selina),GH_stick_bl_15
Палочки фибровые черные D03*H20см для диффузора 1шт,stick_bl20
Палочки фибровые черные D03*H20см набор 3 шт GH (Selina),GH_stick_bl_20
Пипетка стекло 100 мл ШН белая К - белая CRC,00 554
Пипетка стекло 100 мл ШН белая К - серебро глянец К,03 254
Пипетка стекло 100 мл ШН белая Н - белая 594,00 151
Пипетка стекло 100 мл ШН белая Н - белая алюм К,00 851
Пипетка стекло 100 мл ШН белая Н - золото глянец К,02 251
Пипетка стекло 100 мл ШН белая Н - серебро глянец К,03 251
Пипетка стекло 100 мл ШН черная К - золото глянец К,12 254
Пипетка стекло 100 мл ШН черная Н - золото глянец К,12 251
Пипетка стекло 100 мл ШН черная Н - черная 594,11 151
Пипетка стекло 10 мл ШН белая К - белая CRC,00 514
Пипетка стекло 10 мл ШН белая К - белая алюм К,00 814
Пипетка стекло 10 мл ШН белая К - белая алюм К БРАК,00 814.sale
Пипетка стекло 10 мл ШН белая К - золото глянец К,02 214
Пипетка стекло 10 мл ШН белая Н - белая 594,00 111
Пипетка стекло 10 мл ШН белая Н - серебро глянец К,03 211
Пипетка стекло 10 мл ШН черная К - золото глянец К,12 214
Пипетка стекло 10 мл ШН черная К - черная алюм К,11 814
Пипетка стекло 10 мл ШН черная Н - черная 594,11 111
Пипетка стекло 10 мл ШН черная Н - черная алюм К,11 811
Пипетка стекло 10 мл ШН черная Н - золото глянец К,12 211
Пипетка стекло 15 мл ШН белая К - золото глянец К,02 224
Пипетка стекло 15 мл ШН белая К - серебро глянец К,03 224
Пипетка стекло 15 мл ШН белая Н - белая 594,00 121
Пипетка стекло 15 мл ШН белая Н - золото глянец К,02 221
Пипетка стекло 15 мл ШН белая Н - серебро глянец К,03 221
Пипетка стекло 15 мл ШН черная К - золото глянец К,12 224
Пипетка стекло 15 мл ШН черная К - черная алюм К,11 824
Пипетка стекло 15 мл ШН черная Н - золото глянец К,12 221
Пипетка стекло 15 мл ШН черная Н - черная 594,11 121
Пипетка стекло 15 мл ШН черная Н - черная алюм К,11 821
Пипетка стекло 15 мл ШН черная Н - серебро глянец К,13 221
Пипетка стекло 25 мл ШН белая К - золото глянец К,02 264
Пипетка стекло 25 мл ШН белая Н - белая 594,00 161
Пипетка стекло 25 мл ШН черная К - черная алюм К,11 864
Пипетка стекло 25 мл ШН черная Н - золото глянец К,12 261
Пипетка стекло 25 мл ШН черная Н - черная 594,11 161
Пипетка стекло 30 мл ШН белая К - белая CRC,00 534
Пипетка стекло 30 мл ШН белая К - белая алюм К,00 834
Пипетка стекло 30 мл ШН белая К - белая алюм К БРАК,00 834.sale
Пипетка стекло 30 мл ШН белая К - золото глянец К,02 234
Пипетка стекло 30 мл ШН белая К - серебро глянец К,03 234
Пипетка стекло 30 мл ШН белая Н - белая 594,00 131
Пипетка стекло 30 мл ШН белая Н - белая алюм К,00 831
Пипетка стекло 30 мл ШН белая Н - серебро глянец К,03 231
Пипетка стекло 30 мл ШН белая Н - золото глянец К,02 231
Пипетка стекло 30 мл ШН черная К - золото глянец К,12 234
Пипетка стекло 30 мл ШН черная Н - черная 594,11 131
Пипетка стекло 30 мл ШН черная Н - черная алюм К,11 831
Пипетка стекло 3 мл Ш белая К - серебро глянец К GH (Selina),GH-03 273
Пипетка стекло 50 мл ШН белая К - белая CRC,00 544
Пипетка стекло 50 мл ШН белая К - белая алюм К,00 844
Пипетка стекло 50 мл ШН белая К - белая алюм К БРАК,00 844.sale
Пипетка стекло 50 мл ШН белая К - золото глянец К,02 244
Пипетка стекло 50 мл ШН белая К - серебро глянец К,03 244
Пипетка стекло 50 мл ШН белая Н - белая 594,00 141
Пипетка стекло 50 мл ШН белая Н - белая алюм К,00 841
Пипетка стекло 50 мл ШН белая Н - серебро глянец К,03 241
Пипетка стекло 50 мл ШН черная К - золото глянец К,12 244
Пипетка стекло 50 мл ШН черная К - черная алюм К,11844
Пипетка стекло 50 мл ШН черная К - серебро глянец К,13 244
Пипетка стекло 50 мл ШН черная Н - золото глянец К,12 241
Пипетка стекло 50 мл ШН черная Н - серебро глянец К,13 241
Пипетка стекло 50 мл ШН черная Н - черная 594,11 141
Пипетка стекло 50 мл ШН черная Н - черная алюм К,11 841
Пипетка стекло 5 мл ШН белая К - золото глянец К,02 205
Пипетка стекло 5 мл ШН белая К - серебро глянец К,03 205
Пипетка стекло 5 мл ШН белая Н - белая 594,00 102
Пипетка стекло 5 мл ШН белая Н - золото глянец К,02 202
Пипетка стекло 5 мл ШН белая Н - серебро глянец К,03 202
Пипетка стекло 5 мл ШН черная К - золото глянец К,12 205
Пипетка стекло 5 мл ШН черная Н - золото глянец К,12 202
Пипетка стекло 5 мл ШН черная Н - черная 594,11 102
Пипетка стекло 5 мл ШН черная Н - черная алюм К,11 802
Спрей назальный трубка 41мм (5-25 мл) сборный с кпв,W0 3141
Спрей накожный белый трубка 52мм (30 мл) сборный,W0 1252
Спрей накожный белый трубка 65мм (50 мл) TE,WZ.T.18.50.ТЕ.wh
Спрей накожный белый трубка 88мм (100 мл) TE,WZ.T.18.100.ТЕ.wh
Спрей накожный белый трубка 88мм (100 мл) сборный,W0 1288
Спрей накожный золотистый трубка 65мм (50 мл),W2 1265
Спрей накожный золотистый трубка 65мм (50 мл) БРАК,W2 1265.brak
Спрей накожный серебристый трубка 65мм (50 мл),W3 1265
Спрей накожный серебристый трубка 88мм (100 мл),W3 1288
Спрей накожный черный трубка 65мм (50 мл) TE,WZ.T.18.50.ТЕ.bl
Спрей оральный белый с трубкой (25 мл),WZ.O.18.25
Туба пластиковая для губного бальзама,LB-02
150 мл флакон белый HDPE_FP-43,W-00150_FP-43_150
250 мл флакон белый перл,250_wh_cap KRB 49-9000/5006
250 мл флакон синий перл,250_wh_cap KRB 49-63/87.1
250 мл флакон белый HDPE_FP-43,W-00250_FP-43_250
3 мл флакон коричневый GH,GH-1003_black_A
3 мл флакон прозрачный GH,GH-0403_03 273
5 мл флакон коричневый GH,GH-1005_black_A
5 мл флакон прозрачный GH,GH-0405_03 204
60 мл флакон белый HDPE_FP-30А,W-00060_FP-30А_60
Крышка алюминиевая черная,150_br_cap150_bl.XSPM
Крышка алюминиевая черная,240_br_cap240_bl.XSPM
Крышка белая перл/золотистая,250_wh_cap KRB 49-9000/5006
Крышка синяя перл/серметаллик,250_wh_cap KRB 49-63/87.1
Крышка черная пластиковая,GH-1003_black_A
Крышка черная пластиковая,GH-1005_black_A
Крышка флип-офф (красная) + пробка кримп-нек,К.ФО.20.КР.Z1
Крышка для свечей серебристая,250_candle_lid_silv
Пипетка стекло 15 мл,Z-0715_1414 323
30 мл (бирюзовый матовый),SJ-1130_011 333
30 мл (розовый матовый),SJ-1330_013 333
30 мл (сиреневый матовый),SJ-1230_012 333
50 мл (бирюзовый матовый),SJ-1150_011 343
50 мл (розовый матовый),SJ-1350_013 343
50 мл (сиреневый матовый),SJ-1250_012 343
Пипетка стекло 30мл Ш белая К - бирюзовая пластиковая К,SJ-1130_011 333
Пипетка стекло 30мл Ш белая К - розовая пластиковая К,SJ-1330_013 333
Пипетка стекло 30мл Ш белая К - сиреневая пластиковая К,SJ-1230_012 333
Пипетка стекло 50мл Ш белая К - бирюзовая пластиковая К,SJ-1150_011 343
Пипетка стекло 50мл Ш белая К - розовая пластиковая К,SJ-1350_013 343
Пипетка стекло 50мл Ш белая К - сиреневая пластиковая К,SJ-1250_012 343
Пипетка стекло 3 мл,GH-0403_03 273
Пипетка стекло 5 мл,GH-0405_03 204
Пенообразователь белый HDPE_FP-43,W-00150_FP-43_150
Пенообразователь белый HDPE_FP-43,W-00250_FP-43_250
Пенообразователь белый HDPE_FP-30А,W-00060_FP-30А_60
100 мл банка коричневая для драже,90250_40051
100 мл банка пластиковая GMG,43100_4015
150 мл банка коричневая,150_br_cap150_bl.XSPM
150 мл банка пластиковая GMG,65150_6017
15 мл банка опаловая,HL015GC.SJ
15 мл банка пластиковая GMG,35015_2827Т
20 мл банка черная,YB020GC.SJ
240 мл банка коричневая,240_br_cap240_bl.XSPM
30 мл банка опаловая,HL030GC.SJ
30 мл банка пластиковая GMG,31030_2813
30 мл банка черная для крема,30_cap_SFG-030.SST
50 мл банка косметическая GMG,4261874001_Screw
50 мл банка опаловая,HL050GC.SJ
50 мл банка черная для крема,50_cap_SBG-050.SST
Вставка-дозатор GH,GH-1003_black_A
Вставка-дозатор GH,GH-1005_black_A
Пробник парфюмерный 2 мл с черной палочкой,042 11
Пробник парфюмерный 4 мл с черной палочкой,044 11
Пенал для шипучих таблеток №15,R316AWG/DOSG-7
Стакан для свечей 250гр,250_candle_lid_silv
Крышка OV1-18282 + UNI-202 белая 20% НДС,OV1-18.282/UNI-2.02.wh
Крышка OV1-18282 + UNI-202 черная 20% НДС,OV1-18.282/UNI-2.02.bl
Крышка OV1-18282 + UNI-208 белая 20% НДС,OV1-18.282/UNI-2.08.wh
Крышка OV1-18282 + UNI-208 черная 20% НДС,OV1-18.282/UNI-2.08.bl
Крышка OV1-18402 + STF-0108 белая 20% НДС,OV1-18.402/STF-01.08.wh
Крышка OV1-18402 + STF-0108 черная 20% НДС,OV1-18.402/STF-01.08.bl
Крышка OV1-18594 черная НДС 20% сборка,OV1-18594
Крышка алюминиевая ВЫСОКАЯ под золото глянцевая сборка,Z-22.gold
Крышка алюминиевая ВЫСОКАЯ под золото глянцевая сборка,Z-22.gold
Крышка алюминиевая ВЫСОКАЯ под серебро глянцевая сборка,Z-22.silver
Крышка алюминиевая ВЫСОКАЯ под серебро глянцевая сборка,Z-22.silver
Крышка алюминиевая ВЫСОКАЯ черная глянцевая сборка,Z-22.black
Крышка алюминиевая ВЫСОКАЯ черная глянцевая сборка,Z-22.black
Крышка белая + вставка для шприца 5-10 мл НДС 20%,K03-28.300/K03-28.532/P-28.50
Крышка белая для косм банки GP 2301-014 Германия,GP 2301-014 39235010
Крышка белая для пенала DOSG-7 сборка,DOSG-7
Крышка белая с адаптером для шприца,OV1-28.253/P-28.50
Крышка белая с прокладкой (бел/алюм) OV1-18012 НДС 20%,OV1-18.012
Крышка с запорным конусом белая OV1-18102 НДС 20%,OV1-18.102.wh
Крышка с запорным конусом белая OV1-28122wh НДС 20%,OV1-28.122.wh
Крышка с запорным конусом черная OV1-18102 НДС 20%,OV1-18.102.bl
Крышка с запорным конусом черная OV1-28122bl НДС 20%,OV1-28.122.bl
Крышка с кисточкой белая (10 мл 15 мл),PN_18_A_PEDZ_X_BIA
Крышка с кисточкой черная (10 мл 15 мл),PN_18_A_PEDZ_52_C
Крышка с пробкой 11 А-16 исп2 черная без КПВ,1.1 А-16.bl
Крышка с прокладкой (алюминиевой) белая GL18 Польша,PN_18PII_A_AL_WH
Крышка с прокладкой (алюминиевой) черная GL18 Польша,PN_18PII_A_AL_BLACK
Крышка с прокладкой белая KWK PP28 7119100 D-1 89180011133,71.191.00 D-1
Крышка с прокладкой черная KWK PP28 711910 D-1 89148010099,71.191.0 D-1
Крышка серебристая металлическая для диффузора D3*H2см,lid_150_silv.ODM
Крышка со шпатулой GL18,OV1-18.602/E-11
Крышка ТО43 золотистая,TO43_gold
Крышка ТО43 черная,TO43_black
Крышка ТО66 золотистая,TO66_gold
Крышка ТО66 черная,TO66_black
Крышка черная для черной косметической банки 30 мл (Ellen),SST_cap_SFG-030
Крышка черная металлическая для косметической банки 150 мл,cap150_bl.XSPM
Крышка черная металлическая для косметической банки 240 мл,cap240_bl.XSPM
100 мл банка круглая 4241553015 GMG caviar,4241553015
100 мл бесцветный матовый Zibo,Z-03100
100 мл бесцветный матовый Zibo УЦЕНКА,Z-03100.sale
100 мл зеленый Zibo,Z-08100
100 мл коричневый PSR НДС 20% коробка 140шт,100ZPSR
100 мл коричневый PSR НДС 20% УЦЕНКА,100ZPSR.sale
100 мл опаловый SJ (Polly Yu),SJ-07100
100 мл опаловый Zibo,Z-07100
100 мл прозрачный Zibo коробка 126шт,Z-04100_126
100 мл прозрачный Zibo УЦЕНКА,Z-04100.sale
100 мл синий Zibo,Z-05100
100 мл сиропный PP28 QY НДС 20%,YTA-10100S
100 мл черный Zibo,Z-01100
10 мл бесцветный матовый Zibo,Z-0310
10 мл бесцветный матовый Zibo УЦЕНКА,Z-0310.sale
10 мл зеленый Zibo,Z-0810
10 мл коричневый 73413 St,73413
10 мл коричневый PSR НДС 20% коробка 720шт,10ZPSR_720
10 мл опаловый Zibo,Z-0710
10 мл прозрачный Zibo,Z-0410
10 мл прозрачный с роллером + серебристая крышка,GR01M_10_silver
10 мл синий Zibo,Z-0510
10 мл черный Zibo,Z-0110
120 мл банка коричневого стекла для крема,120ml.br.XSPM
125 мл сиропный 72434 PP28 St НДС 20%,72434.125
125 мл сиропный PP28 QY НДС 20%,YTA-10125S
125 мл сиропный PP28 QY НДС 20% УЦЕНКА,YTA-10125S.sale
150 мл диффузор коричневого стекла D7*H75 см,150ml_diffuser_br.ODM
15 мл бесцветный матовый Zibo,Z-0315
15 мл зеленый Zibo,Z-0815
15 мл коричневый QY НДС 20%,YTA-1015
15 мл опаловый Zibo,Z-0715
15 мл прозрачный Zibo,Z-0415
15 мл прозрачный Zibo УЦЕНКА,Z-0415.sale
15 мл синий Zibo,Z-0515
2.5 мл коричневый St НДС 20%,69120.25
200 мл сиропный PP28 QY НДС 20%,YTA-10200
20 мл коричневый QY НДС 20%,YTA-1020
20 мл коричневый St НДС 20%,73291
250 мл Меплат PP28 GMG НДС 20%,1640018602
250 мл сиропный PP28 QY НДС 20%,YTA-10250
25 мл банка круглая 72900 St НДС 20%,72900.25
25 мл коричневый ZPSR НДС 20% коробка 396шт,25ZPSR_396
300 мл сиропный PP28 QY НДС 20%,YTA-10300
30 мл банка черного стекла для крема (Ellen),SST_SFG-030
30 мл бесцветный матовый Zibo,Z-0330
30 мл бесцветный матовый Zibo УЦЕНКА,Z-0330.sale
30 мл Бостон Zibo,Z-0930B
30 мл для таблеток PP28 QY НДС 20%,YTA-1030S
30 мл для таблеток St PP28,69022
30 мл зеленый Zibo,Z-0830
30 мл коричневый QY НДС 20%,YTA-1030
30 мл коричневый QY НДС 20% УЦЕНКА,YTA-1030.sale
30 мл коричневый St 72722 НДС 20%,72722.30
30 мл опаловый Zibo,Z-0730
30 мл прозрачный Zibo,Z-0430
30 мл прозрачный Россия,0430
30 мл синий Zibo,Z-0530
30 мл черный Zibo коробка 324шт,Z-0130_324
30 мл черный Zibo коробка 330шт,Z-0130_330
3 мл прозрачный GH (Selina),GH-0403
47 (50) мл банка прозрачная шестигранная GMG,4211899000
500 мл сиропный 72000 PP28 St НДС 20%,72000.500
50 мл банка пластиковая белая GMG,043050-0000
50 мл бесцветный матовый Zibo,Z-0350
50 мл зеленый Zibo,Z-0850
50 мл коричневый PGJ-B-А3:5402 Индия,PGJ-1050
50 мл коричневый QY НДС 20%,YTA-1050
50 мл Набор дорожный,50ml_travel_kit
50 мл опаловый SJ (Polly Yu),SJ-0750
50 мл опаловый Zibo,Z-0750
50 мл прозрачный Zibo,Z-0450
50 мл прозрачный Zibo УЦЕНКА,Z-0450.sale
50 мл синий Zibo,Z-0550
50 мл черный PGJ-B-А3:5402 Индия ОКРАШЕННЫЙ,PGJ-0150
50 мл черный Zibo,Z-0150
5 мл бесцветный матовый Zibo,Z-0305
5 мл зеленый Zibo,Z-0805
5 мл коричневый QY НДС 20%,YTA-1005
5 мл коричневый St НДС 20%,72744
5 мл прозрачный Zibo,Z-0405
5 мл синий Zibo коробка 720шт,Z-0505_720
60 мл сиропный PP28 QY НДС 20%,YTA-1060S
60 мл флакон HDPE белый (для пенообразователя),W-0060
Вкладыш ППЭ 0503 Д 17/8мм,ППЭ 0503 Д 17/8мм
Вставка пластиковая для диффузора D7*H75 см,plug_150ml_diffuser_br.ODM
Дозатор для крема белый CR-01 с трубкой (100 мл) c ТЕ,W0 4188
Дозатор для крема белый CR-01 с трубкой (100 мл) без ТЕ,W0 4288
Дозатор для крема белый CR-01 с трубкой (50 мл) c ТЕ,W0 4165
Дозатор для крема черный CR-01 с трубкой (100 мл) c ТЕ,W1 4188
Дозатор для крема черный CR-01 с трубкой (50 мл) c ТЕ,W1 4165
